Mutation,Value
A27S,0.1837279661630446
D178E,0.3775089248907758
E484K,0.0659782847168005
F157L,0.08045661130452343
F486P,0.31793194272544467
F486S,-0.11583098888912594
G339H,-0.029190112637490495
H146Q,0.1218515522317691
K417V,0.1224162401620168
L212I,-0.15224081659628347
L452Q,0.027676365136534244
L452R,-0.06588300991546936
M153S,-0.012397970776598656
N481T,-0.014041037994217399
N501Y,0.6637467328064557
N658S,0.6533183476555713
P681R,-0.3362936315221044
Q493R,-0.16805747608265897
Q498Y,-0.1921413722646978
R403T,-0.5300902940771544
R683L,-0.018914269873868638
R683N,0.03184984879077818
S155R,-0.32315148019415657
S373P,-0.9338631292895261
S375F,-9.41339320934962e-15
S494R,-0.12736731902342474
T478K,-0.10681832982477635
T76I,-0.16250398265453864
T883I,-0.2343066303382528
T95I,-0.018234378278246435
W152R,0.028939636765021738
Intercept,1.0510610846167334
