Mutation,Value
A27L,-0.012857794064210752
D405N,-0.06374922481036464
E484K,-0.004111301393273516
F486P,-0.47024839920019723
F486S,-0.9555740432910075
G339D,-0.3463297421090295
G446S,-0.2002216701439476
H146Q,-0.07552100658865851
H69del,0.1158582757674259
K147N,-0.15139054040995628
K417N,-0.6523443813737009
K529L,-0.025809160494889127
L18F,-0.003732498954472119
L368I,-0.002270285919601791
L452R,-0.5434371830952361
N460K,-0.6209449712627061
N501Y,-0.6449268350554759
P25del,-0.010657291120847854
Q493R,-0.22391724512427472
Q498R,-0.02492545588355879
R346T,-0.20215514865124123
R408S,-0.0020677909396050013
S155R,0.12118920887837697
S371F,-9.404015618697408e-05
S494R,-0.29386745787977714
T376A,-5.0176341071714976e-08
T76I,-0.06546736152226186
V445P,-0.19404597812498034
V83A,-0.004828962885620673
Y473F,-0.22889071200278233
Intercept,-0.5669135451141254
